alexandria, ghcr.io/ocicl/alexandria@sha256:407634b0781b2d8fc3e55a30432bcb5d0c042af2feb2d1d72de825940b0fb0df, alexandria-20260812-f283e25/alexandria.asd
cl-ppcre, ghcr.io/ocicl/cl-ppcre@sha256:bf073924cf4fd5957a4fd961a95d446ed0e53fa32a5002cbd2d52182874f45e5, cl-ppcre-20250606-a2ea581/cl-ppcre.asd
cl-ppcre-unicode, ghcr.io/ocicl/cl-ppcre@sha256:bf073924cf4fd5957a4fd961a95d446ed0e53fa32a5002cbd2d52182874f45e5, cl-ppcre-20250606-a2ea581/cl-ppcre-unicode.asd
closer-mop, ghcr.io/ocicl/closer-mop@sha256:39ec579e68118a8be57a7882812ff31094a031f88b77f11cf4434a92261f1126, closer-mop-20260329-04db182/closer-mop.asd
fiveam, ghcr.io/ocicl/fiveam@sha256:e283043dc8d31e8df2b214465cf5a06ea07bdbea10e600a40e17aaf9518226ac, fiveam-20240928-e43d6c8/fiveam.asd
net.didierverna.asdf-flv, ghcr.io/ocicl/net.didierverna.asdf-flv@sha256:e5cd087d41cf24302a92d9bac426a925f8868b554be2414c0f012c961e3ddb8c, asdf-flv-20240503-3f1de41/net.didierverna.asdf-flv.asd
shasht, ghcr.io/ocicl/shasht@sha256:ed683f73d865bb2d7231786797211774fce8f783890b295768f0794cd3de633b, shasht-20251015-40a4aee/shasht.asd
trivial-backtrace, ghcr.io/ocicl/trivial-backtrace@sha256:89a3138695bb767c50001402fad60dacfc1e867e4e3d3579cc6f636d3e29a51c, trivial-backtrace-20240503-7f90b4a/trivial-backtrace.asd
trivial-backtrace-test, ghcr.io/ocicl/trivial-backtrace@sha256:89a3138695bb767c50001402fad60dacfc1e867e4e3d3579cc6f636d3e29a51c, trivial-backtrace-20240503-7f90b4a/trivial-backtrace-test.asd
trivial-do, ghcr.io/ocicl/trivial-do@sha256:6d0c474b0a0ccac24298e8c90d12d7863b743256d17b2f37dd242399e7d8e68d, trivial-do-20240503-a19f932/trivial-do.asd
